{
    "type": "minecraft:crafting_shapeless",
    "ingredients": [
        {
            "item": "minecraft:oak_sapling"
        },
        {
            "item": "minecraft:acacia_sapling"
        },
        {
            "item": "minecraft:dark_oak_sapling"
        },
        {
            "item": "minecraft:birch_sapling"
        },
        {
            "item": "minecraft:jungle_sapling"
        },
        {
            "item": "minecraft:spruce_sapling"
        }
    ],
    "result": {
        "item": "minecraft:oak_sapling",
        "count": 1
    },
    "group": "sapling"
}